parent_id,description,priority
BigO_1,Dummy description for: BigO_1 with a priority of: 4,4
BigO_2,Dummy description for: BigO_2 with a priority of: 6,6
BigO_3,Dummy description for: BigO_3 with a priority of: 7,7
BigO_1,Dummy description for: BigO_1 with a priority of: 4,4
BigO_2,Dummy description for: BigO_2 with a priority of: 2,2
BigO_3,Dummy description for: BigO_3 with a priority of: 1,1
BigO_1,Dummy description for: BigO_1 with a priority of: 7,7
BigO_2,Dummy description for: BigO_2 with a priority of: 4,4
BigO_3,Dummy description for: BigO_3 with a priority of: 2,2
BigO_1,Dummy description for: BigO_1 with a priority of: 4,4
BigO_2,Dummy description for: BigO_2 with a priority of: 3,3
BigO_3,Dummy description for: BigO_3 with a priority of: 2,2
BigO_1,Dummy description for: BigO_1 with a priority of: 4,4
BigO_2,Dummy description for: BigO_2 with a priority of: 7,7
BigO_3,Dummy description for: BigO_3 with a priority of: 4,4
BigO_1,Dummy description for: BigO_1 with a priority of: 4,4
BigO_2,Dummy description for: BigO_2 with a priority of: 3,3
BigO_3,Dummy description for: BigO_3 with a priority of: 4,4